{"name":"d5ee8297-81de-4922-8ac7-c471d24ea9f2","id":"/providers/Microsoft.Flow/flows/d5ee8297-81de-4922-8ac7-c471d24ea9f2","type":"Microsoft.Flow/flows","properties":{"apiId":"/providers/Microsoft.PowerApps/apis/shared_logicflows","displayName":"YouTube Deck - Get Videos and video details from Channel IDs","definition":{"metadata":{"workflowEntityId":null,"creator":{"id":"4938a8f3-b717-46cd-825c-db004d0829a3","type":"User","tenantId":"1f9dd2c8-37b8-4f22-a0fd-6f20f116e3db"},"provisioningMethod":"FromDefinition","failureAlertSubscription":true,"clientLastModifiedTime":"2019-03-30T20:17:43.2714844Z"},"$schema":"https://schema.management.azure.com/providers/Microsoft.Logic/schemas/2016-06-01/workflowdefinition.json#","contentVersion":"1.0.0.0","parameters":{"$authentication":{"defaultValue":{},"type":"SecureObject"}},"triggers":{"manual":{"type":"Request","kind":"PowerApp","inputs":{"schema":{"type":"object","required":["HTTP_Uri","HTTP_URI_1"],"properties":{"HTTP_Uri":{"type":"string","format":"uri","description":"Enter request URL. This parameter is used as part of \"4B2E957C-0566-4352-BA0B-3B676F17709D\"","x-ms-powerflows-param-ispartial":true},"HTTP_URI_1":{"type":"string"}}}}}},"actions":{"HTTP":{"runAfter":{},"type":"Http","inputs":{"method":"GET","uri":"https://www.googleapis.com/youtube/v3/search?part=snippet&channelId=@{triggerBody()['HTTP_Uri']}&maxResults=20&order=date&type=video&fields=items/id/videoId&key=@{triggerBody()['HTTP_URI_1']}"}},"Response":{"runAfter":{"HTTP_2":["Succeeded"]},"type":"Response","kind":"Http","inputs":{"statusCode":200,"body":"@body('HTTP_2')['items']","schema":{"type":"array","items":{"type":"object","properties":{"kind":{"type":"string"},"etag":{"type":"string"},"id":{"type":"string"},"snippet":{"type":"object","properties":{"publishedAt":{"type":"string"},"channelId":{"type":"string"},"title":{"type":"string"},"description":{"type":"string"},"thumbnails":{"type":"object","properties":{"default":{"type":"object","properties":{"url":{"type":"string"},"width":{"type":"number"},"height":{"type":"number"}}},"medium":{"type":"object","properties":{"url":{"type":"string"},"width":{"type":"number"},"height":{"type":"number"}}},"high":{"type":"object","properties":{"url":{"type":"string"},"width":{"type":"number"},"height":{"type":"number"}}},"standard":{"type":"object","properties":{"url":{"type":"string"},"width":{"type":"number"},"height":{"type":"number"}}},"maxres":{"type":"object","properties":{"url":{"type":"string"},"width":{"type":"number"},"height":{"type":"number"}}}}},"channelTitle":{"type":"string"},"tags":{"type":"array","items":{"type":"string"}},"categoryId":{"type":"string"},"liveBroadcastContent":{"type":"string"},"localized":{"type":"object","properties":{"title":{"type":"string"},"description":{"type":"string"}}},"defaultAudioLanguage":{"type":"string"}}},"contentDetails":{"type":"object","properties":{"duration":{"type":"string"},"dimension":{"type":"string"},"definition":{"type":"string"},"caption":{"type":"string"},"licensedContent":{"type":"boolean"},"projection":{"type":"string"}}},"statistics":{"type":"object","properties":{"viewCount":{"type":"string"},"likeCount":{"type":"string"},"dislikeCount":{"type":"string"},"favoriteCount":{"type":"string"},"commentCount":{"type":"string"}}}},"required":["kind","etag","id","snippet","contentDetails","statistics"]}}}},"HTTP_2":{"runAfter":{"Apply_to_each_2":["Succeeded"]},"type":"Http","inputs":{"method":"GET","uri":"https://www.googleapis.com/youtube/v3/videos?part=statistics%2CcontentDetails%2Csnippet&id=@{variables('VideoIDs')}&key=@{triggerBody()['HTTP_URI_1']}"}},"Initialize_variable":{"runAfter":{"HTTP":["Succeeded"]},"type":"InitializeVariable","inputs":{"variables":[{"name":"VideoIDs","type":"String"}]}},"Parse_JSON":{"runAfter":{"Initialize_variable":["Succeeded"]},"type":"ParseJson","inputs":{"content":"@body('HTTP')['items']","schema":{"type":"array","items":{"type":"object","properties":{"id":{"type":"object","properties":{"videoId":{"type":"string"}}}},"required":["id"]}}}},"Apply_to_each_2":{"foreach":"@body('Parse_JSON')","actions":{"Append_to_string_variable":{"runAfter":{},"type":"AppendToStringVariable","inputs":{"name":"VideoIDs","value":"@{items('Apply_to_each_2')?['id']['videoId']},"}}},"runAfter":{"Parse_JSON":["Succeeded"]},"type":"Foreach"}},"outputs":{}},"connectionReferences":{},"flowFailureAlertSubscribed":false}}