{"name":"1149818e-bf4c-4764-b094-0cc03ba0fe28","id":"/providers/Microsoft.Flow/flows/1149818e-bf4c-4764-b094-0cc03ba0fe28","type":"Microsoft.Flow/flows","properties":{"apiId":"/providers/Microsoft.PowerApps/apis/shared_logicflows","displayName":"YouTube Deck - Get Channels","definition":{"metadata":{"workflowEntityId":null,"creator":{"id":"4938a8f3-b717-46cd-825c-db004d0829a3","type":"User","tenantId":"1f9dd2c8-37b8-4f22-a0fd-6f20f116e3db"},"provisioningMethod":"FromDefinition","failureAlertSubscription":true,"clientLastModifiedTime":"2019-03-22T19:22:05.8624455Z"},"$schema":"https://schema.management.azure.com/providers/Microsoft.Logic/schemas/2016-06-01/workflowdefinition.json#","contentVersion":"1.0.0.0","parameters":{"$authentication":{"defaultValue":{},"type":"SecureObject"}},"triggers":{"manual":{"type":"Request","kind":"PowerApp","inputs":{"schema":{"type":"object","required":["HTTP_Uri","HTTP_URI_1"],"properties":{"HTTP_Uri":{"type":"string","format":"uri","description":"Enter request URL. This parameter is used as part of \"512FF88B-784B-441E-851C-9C13550362C0\"","x-ms-powerflows-param-ispartial":true},"HTTP_URI_1":{"type":"string"}}}}}},"actions":{"HTTP":{"runAfter":{},"type":"Http","inputs":{"method":"GET","uri":"https://www.googleapis.com/youtube/v3/search?part=snippet&maxResults=20&q=@{triggerBody()['HTTP_Uri']}&type=channel&key=@{triggerBody()['HTTP_URI_1']}"},"description":"Request to get YouTube channels based on the search query."},"Response":{"runAfter":{"HTTP":["Succeeded"]},"type":"Response","kind":"Http","inputs":{"statusCode":200,"body":"@body('HTTP')['items']","schema":{"type":"array","items":{"type":"object","properties":{"kind":{"type":"string"},"etag":{"type":"string"},"id":{"type":"object","properties":{"kind":{"type":"string"},"channelId":{"type":"string"}}},"snippet":{"type":"object","properties":{"publishedAt":{"type":"string"},"channelId":{"type":"string"},"title":{"type":"string"},"description":{"type":"string"},"thumbnails":{"type":"object","properties":{"default":{"type":"object","properties":{"url":{"type":"string"}}},"medium":{"type":"object","properties":{"url":{"type":"string"}}},"high":{"type":"object","properties":{"url":{"type":"string"}}}}},"channelTitle":{"type":"string"},"liveBroadcastContent":{"type":"string"}}}},"required":["kind","etag","id","snippet"]}}}}},"outputs":{}},"connectionReferences":{},"flowFailureAlertSubscribed":false}}