{"schemaVersion":"1.0","appDefinitionTemplate":{"id":"/providers/Microsoft.PowerApps/apps/","type":"Microsoft.PowerApps/apps","tags":{"minimumRequiredApiVersion":"2.2.0"},"properties":{"appVersion":"2019-04-03T02:38:26Z","lifeCycleId":"Published","createdByClientVersion":{"major":3,"minor":19033,"build":13,"revision":0,"majorRevision":0,"minorRevision":0},"minClientVersion":{"major":3,"minor":19033,"build":13,"revision":0,"majorRevision":0,"minorRevision":0},"backgroundColor":"rgba(165, 34, 55, 1)","backgroundImageUri":"/114536588054275955/N05f16fca-08ad-49ca-a0a0-c6f838ba77ea-logoSmallFile","displayName":"PowerVideo","description":"An app to watch videos from YouTube channels that you like. Just that, no algorithmic recommendations.","appUris":{"documentUri":{"value":"/114536588054275955/N3b299eb3-6c64-4d7a-afa1-42e1cf545853-document.msapp","readonlyValue":"/114536588054275955/N3b299eb3-6c64-4d7a-afa1-42e1cf545853-document.msapp"},"imageUris":[]},"createdTime":"0001-01-01T00:00:00Z","lastModifiedTime":"0001-01-01T00:00:00Z","sharedGroupsCount":0,"sharedUsersCount":0,"icons":{"smallIconUri":"/114536588054275955/N5cdf8f6b-29fd-4640-b9ea-7fc4cf86100e-small.png","mediumIconUri":"/114536588054275955/Nd6e0437e-03ff-4e42-b93d-d7228e772912-medium.png","largeIconUri":"/114536588054275955/N8eb6a6c1-68ad-48c8-a432-46f3393232ab-large.png","wideIconUri":"/114536588054275955/N24085e6d-a5c7-4908-a824-4593623dcc87-wide.png"},"connectionReferences":{"304210ea-6cae-4348-acaf-669e0b1e51ea":{"id":"2724961b-e38f-4197-b47c-3c5d9c4d85ef","displayName":"Logic flows","iconUri":"https://resourcestackdeploy.blob.core.windows.net/scripts/13276078.png","dataSources":["YouTubeDeck-GetVideosandvideodetailsfromChannelIDs"],"dependencies":[],"dependents":[],"parameterHints":{"workflowName":{"value":"58b86d8c-8220-4556-b65f-4dafdc54b150"}},"isOnPremiseConnection":false,"bypassConsent":false,"dataSets":{},"apiTier":"Standard","isCustomApiConnection":false},"7106ce22-bf9e-4766-9139-a55eae828e23":{"id":"2724961b-e38f-4197-b47c-3c5d9c4d85ef","displayName":"Logic flows","iconUri":"https://resourcestackdeploy.blob.core.windows.net/scripts/13276078.png","dataSources":["YouTubeDeck-GetChannels"],"dependencies":[],"dependents":[],"parameterHints":{"workflowName":{"value":"d5cba5fb-6a0b-457f-a653-b1e68714f56a"}},"isOnPremiseConnection":false,"bypassConsent":false,"dataSets":{},"apiTier":"Standard","isCustomApiConnection":false},"ec2f7378-16fa-417c-886c-8d57096a70df":{"id":"2724961b-e38f-4197-b47c-3c5d9c4d85ef","displayName":"Logic flows","iconUri":"https://resourcestackdeploy.blob.core.windows.net/scripts/13276078.png","dataSources":["YouTubeDeck-GetChannelDetails"],"dependencies":[],"dependents":[],"parameterHints":{"workflowName":{"value":"fa241cf9-2e05-4354-830b-ac05d9c9ba0e"}},"isOnPremiseConnection":false,"bypassConsent":false,"dataSets":{},"apiTier":"Standard","isCustomApiConnection":false},"fccacb03-357a-4457-97a6-acf6b871fbca":{"id":"b0341afc-f416-4c38-b2cb-610ac199f443","displayName":"Excel","iconUri":"https://connectoricons-prod.azureedge.net/excel/icon_1.0.1018.1190.png","dataSources":["Channels"],"dependencies":["afb3e286-92e1-4096-a9a8-ec4c2ba52cfb"],"dependents":[],"parameterHints":{"afb3e286-92e1-4096-a9a8-ec4c2ba52cfb":{"value":"fileSource"}},"isOnPremiseConnection":false,"bypassConsent":false,"dataSets":{"b!LO3faiRvjEO3fVBvj5oeK2YGGa-G1yFOhKINBRamhODiI_-vUuQuRJ4qf13gyqx1.01AXD6KJQ7PDAMV6WPXBEYHWQC57ZNREVN":{"dataSources":{"Channels":{"tableName":"Channels"}}}},"apiTier":"Standard","isCustomApiConnection":false},"afb3e286-92e1-4096-a9a8-ec4c2ba52cfb":{"id":"903c4763-f2e6-4c1d-a130-8575176167f6","displayName":"OneDrive for Business","iconUri":"https://connectoricons-prod.azureedge.net/onedriveforbusiness/icon_1.0.1061.1268.png","dataSources":[],"dependencies":[],"dependents":["fccacb03-357a-4457-97a6-acf6b871fbca"],"parameterHints":{},"isOnPremiseConnection":false,"bypassConsent":false,"dataSets":{},"apiTier":"Standard","isCustomApiConnection":false}},"appCategories":[{"id":"/providers/Microsoft.PowerApps/appCategories/Collaboration","type":"Microsoft.PowerApps/appCategories","name":"Collaboration","properties":{"displayName":"Collaboration"}}],"almMode":"Environment"}}}