{"name":"091f2da8-6110-4117-a25e-6ff00a62ba1f","id":"/providers/Microsoft.Flow/flows/091f2da8-6110-4117-a25e-6ff00a62ba1f","type":"Microsoft.Flow/flows","properties":{"apiId":"/providers/Microsoft.PowerApps/apis/shared_logicflows","displayName":"YouTube Deck- Get Channel Details","definition":{"metadata":{"workflowEntityId":null,"creator":{"id":"4938a8f3-b717-46cd-825c-db004d0829a3","type":"User","tenantId":"1f9dd2c8-37b8-4f22-a0fd-6f20f116e3db"},"provisioningMethod":"FromDefinition","failureAlertSubscription":true,"clientLastModifiedTime":"2019-04-01T00:47:17.8693897Z"},"$schema":"https://schema.management.azure.com/providers/Microsoft.Logic/schemas/2016-06-01/workflowdefinition.json#","contentVersion":"1.0.0.0","parameters":{"$authentication":{"defaultValue":{},"type":"SecureObject"}},"triggers":{"manual":{"type":"Request","kind":"PowerApp","inputs":{"schema":{"type":"object","required":["HTTP_URI","HTTP_URI_1"],"properties":{"HTTP_URI":{"type":"string","format":"uri","description":"Enter request URL. This parameter is used as part of \"82B86E0C-0E33-4372-8540-8A75CD3409FC\"","x-ms-powerflows-param-ispartial":true},"HTTP_URI_1":{"type":"string"}}}}}},"actions":{"HTTP":{"runAfter":{},"type":"Http","inputs":{"method":"GET","uri":"https://www.googleapis.com/youtube/v3/channels?part=snippet%2Cstatistics&id=@{triggerBody()['HTTP_URI']}&key=@{triggerBody()['HTTP_URI_1']}"}},"Response":{"runAfter":{"HTTP":["Succeeded"]},"type":"Response","kind":"Http","inputs":{"statusCode":200,"body":"@body('HTTP')['items']","schema":{"type":"array","items":{"type":"object","properties":{"kind":{"type":"string"},"etag":{"type":"string"},"id":{"type":"string"},"snippet":{"type":"object","properties":{"title":{"type":"string"},"description":{"type":"string"},"customUrl":{"type":"string"},"publishedAt":{"type":"string"},"thumbnails":{"type":"object","properties":{"default":{"type":"object","properties":{"url":{"type":"string"},"width":{"type":"integer"},"height":{"type":"integer"}}},"medium":{"type":"object","properties":{"url":{"type":"string"},"width":{"type":"integer"},"height":{"type":"integer"}}},"high":{"type":"object","properties":{"url":{"type":"string"},"width":{"type":"integer"},"height":{"type":"integer"}}}}},"localized":{"type":"object","properties":{"title":{"type":"string"},"description":{"type":"string"}}}}},"statistics":{"type":"object","properties":{"viewCount":{"type":"string"},"commentCount":{"type":"string"},"subscriberCount":{"type":"string"},"hiddenSubscriberCount":{"type":"boolean"},"videoCount":{"type":"string"}}}},"required":["kind","etag","id","snippet","statistics"]}}}}},"outputs":{}},"connectionReferences":{},"flowFailureAlertSubscribed":false}}